"Index","Ticket","FixVersion"
"1","TAJO-649","0.2-incubating"
"2","TAJO-288","0.2-incubating"
"3","TAJO-288","0.8.0"
"4","TAJO-281","0.2-incubating"
"5","TAJO-281","0.8.0"
"6","TAJO-278","0.2-incubating"
"7","TAJO-278","0.8.0"
"8","TAJO-277","0.2-incubating"
"9","TAJO-277","0.8.0"
"10","TAJO-276","0.2-incubating"
"11","TAJO-276","0.8.0"
"12","TAJO-273","0.2-incubating"
"13","TAJO-273","0.8.0"
"14","TAJO-272","0.2-incubating"
"15","TAJO-272","0.8.0"
"16","TAJO-271","0.2-incubating"
"17","TAJO-271","0.8.0"
"18","TAJO-270","0.2-incubating"
"19","TAJO-270","0.8.0"
"20","TAJO-265","0.2-incubating"
"21","TAJO-265","0.8.0"
"22","TAJO-264","0.2-incubating"
"23","TAJO-262","0.2-incubating"
"24","TAJO-261","0.2-incubating"
"25","TAJO-261","0.8.0"
"26","TAJO-260","0.2-incubating"
"27","TAJO-257","0.2-incubating"
"28","TAJO-255","0.2-incubating"
"29","TAJO-254","0.2-incubating"
"30","TAJO-253","0.2-incubating"
"31","TAJO-252","0.2-incubating"
"32","TAJO-251","0.2-incubating"
"33","TAJO-250","0.2-incubating"
"34","TAJO-249","0.2-incubating"
"35","TAJO-248","0.2-incubating"
"36","TAJO-245","0.2-incubating"
"37","TAJO-244","0.2-incubating"
"38","TAJO-243","0.2-incubating"
"39","TAJO-242","0.2-incubating"
"40","TAJO-241","0.2-incubating"
"41","TAJO-240","0.2-incubating"
"42","TAJO-239","0.2-incubating"
"43","TAJO-238","0.2-incubating"
"44","TAJO-236","0.2-incubating"
"45","TAJO-232","0.2-incubating"
"46","TAJO-231","0.2-incubating"
"47","TAJO-229","0.2-incubating"
"48","TAJO-228","0.2-incubating"
"49","TAJO-227","0.2-incubating"
"50","TAJO-226","0.2-incubating"
"51","TAJO-224","0.2-incubating"
"52","TAJO-223","0.2-incubating"
"53","TAJO-220","0.2-incubating"
"54","TAJO-216","0.2-incubating"
"55","TAJO-214","0.2-incubating"
"56","TAJO-213","0.2-incubating"
"57","TAJO-212","0.2-incubating"
"58","TAJO-211","0.2-incubating"
"59","TAJO-210","0.2-incubating"
"60","TAJO-209","0.2-incubating"
"61","TAJO-208","0.2-incubating"
"62","TAJO-205","0.2-incubating"
"63","TAJO-203","0.2-incubating"
"64","TAJO-202","0.2-incubating"
"65","TAJO-199","0.2-incubating"
"66","TAJO-198","0.2-incubating"
"67","TAJO-197","0.2-incubating"
"68","TAJO-194","0.2-incubating"
"69","TAJO-193","0.2-incubating"
"70","TAJO-191","0.2-incubating"
"71","TAJO-189","0.2-incubating"
"72","TAJO-188","0.2-incubating"
"73","TAJO-187","0.2-incubating"
"74","TAJO-186","0.2-incubating"
"75","TAJO-185","0.2-incubating"
"76","TAJO-184","0.2-incubating"
"77","TAJO-183","0.2-incubating"
"78","TAJO-181","0.2-incubating"
"79","TAJO-180","0.2-incubating"
"80","TAJO-179","0.2-incubating"
"81","TAJO-178","0.2-incubating"
"82","TAJO-177","0.2-incubating"
"83","TAJO-175","0.2-incubating"
"84","TAJO-174","0.2-incubating"
"85","TAJO-172","0.2-incubating"
"86","TAJO-171","0.2-incubating"
"87","TAJO-170","0.2-incubating"
"88","TAJO-169","0.2-incubating"
"89","TAJO-168","0.2-incubating"
"90","TAJO-167","0.2-incubating"
"91","TAJO-165","0.2-incubating"
"92","TAJO-163","0.2-incubating"
"93","TAJO-162","0.2-incubating"
"94","TAJO-160","0.2-incubating"
"95","TAJO-160","0.8.0"
"96","TAJO-159","0.2-incubating"
"97","TAJO-158","0.2-incubating"
"98","TAJO-157","0.2-incubating"
"99","TAJO-156","0.2-incubating"
"100","TAJO-154","0.2-incubating"
"101","TAJO-152","0.2-incubating"
"102","TAJO-151","0.2-incubating"
"103","TAJO-150","0.2-incubating"
"104","TAJO-149","0.2-incubating"
"105","TAJO-148","0.2-incubating"
"106","TAJO-147","0.2-incubating"
"107","TAJO-145","0.2-incubating"
"108","TAJO-144","0.2-incubating"
"109","TAJO-143","0.2-incubating"
"110","TAJO-142","0.2-incubating"
"111","TAJO-141","0.2-incubating"
"112","TAJO-139","0.2-incubating"
"113","TAJO-137","0.2-incubating"
"114","TAJO-136","0.2-incubating"
"115","TAJO-134","0.2-incubating"
"116","TAJO-131","0.2-incubating"
"117","TAJO-130","0.2-incubating"
"118","TAJO-129","0.2-incubating"
"119","TAJO-128","0.2-incubating"
"120","TAJO-127","0.2-incubating"
"121","TAJO-125","0.2-incubating"
"122","TAJO-123","0.2-incubating"
"123","TAJO-121","0.2-incubating"
"124","TAJO-120","0.2-incubating"
"125","TAJO-119","0.2-incubating"
"126","TAJO-118","0.2-incubating"
"127","TAJO-103","0.2-incubating"
"128","TAJO-102","0.2-incubating"
"129","TAJO-101","0.2-incubating"
"130","TAJO-100","0.2-incubating"
"131","TAJO-99","0.2-incubating"
"132","TAJO-98","0.2-incubating"
"133","TAJO-97","0.2-incubating"
"134","TAJO-96","0.2-incubating"
"135","TAJO-95","0.2-incubating"
"136","TAJO-94","0.2-incubating"
"137","TAJO-93","0.2-incubating"
"138","TAJO-92","0.2-incubating"
"139","TAJO-91","0.2-incubating"
"140","TAJO-90","0.2-incubating"
"141","TAJO-88","0.2-incubating"
"142","TAJO-87","0.2-incubating"
"143","TAJO-86","0.2-incubating"
"144","TAJO-85","0.2-incubating"
"145","TAJO-84","0.2-incubating"
"146","TAJO-83","0.2-incubating"
"147","TAJO-82","0.2-incubating"
"148","TAJO-81","0.2-incubating"
"149","TAJO-80","0.2-incubating"
"150","TAJO-79","0.2-incubating"
"151","TAJO-77","0.2-incubating"
"152","TAJO-76","0.2-incubating"
"153","TAJO-75","0.2-incubating"
"154","TAJO-74","0.2-incubating"
"155","TAJO-73","0.2-incubating"
"156","TAJO-72","0.2-incubating"
"157","TAJO-71","0.2-incubating"
"158","TAJO-70","0.2-incubating"
"159","TAJO-69","0.2-incubating"
"160","TAJO-68","0.2-incubating"
"161","TAJO-66","0.2-incubating"
"162","TAJO-65","0.2-incubating"
"163","TAJO-59","0.2-incubating"
"164","TAJO-58","0.2-incubating"
"165","TAJO-57","0.2-incubating"
"166","TAJO-56","0.2-incubating"
"167","TAJO-55","0.2-incubating"
"168","TAJO-54","0.2-incubating"
"169","TAJO-53","0.2-incubating"
"170","TAJO-51","0.2-incubating"
"171","TAJO-50","0.2-incubating"
"172","TAJO-48","0.2-incubating"
"173","TAJO-47","0.2-incubating"
"174","TAJO-46","0.2-incubating"
"175","TAJO-44","0.2-incubating"
"176","TAJO-43","0.2-incubating"
"177","TAJO-42","0.2-incubating"
"178","TAJO-41","0.2-incubating"
"179","TAJO-40","0.2-incubating"
"180","TAJO-39","0.2-incubating"
"181","TAJO-38","0.2-incubating"
"182","TAJO-37","0.2-incubating"
"183","TAJO-33","0.2-incubating"
"184","TAJO-32","0.2-incubating"
"185","TAJO-31","0.2-incubating"
"186","TAJO-28","0.2-incubating"
"187","TAJO-27","0.2-incubating"
"188","TAJO-26","0.2-incubating"
"189","TAJO-25","0.2-incubating"
"190","TAJO-24","0.2-incubating"
"191","TAJO-22","0.2-incubating"
"192","TAJO-21","0.2-incubating"
"193","TAJO-19","0.2-incubating"
"194","TAJO-17","0.2-incubating"
"195","TAJO-15","0.2-incubating"
"196","TAJO-14","0.2-incubating"
"197","TAJO-13","0.2-incubating"
"198","TAJO-12","0.2-incubating"
"199","TAJO-11","0.2-incubating"
"200","TAJO-10","0.2-incubating"
"201","TAJO-8","0.2-incubating"
"202","TAJO-7","0.2-incubating"
"203","TAJO-6","0.2-incubating"
"204","TAJO-4","0.2-incubating"
"205","TAJO-2","0.2-incubating"
"206","TAJO-1","0.2-incubating"
"207","TAJO-788","0.8.0"
"208","TAJO-788","0.9.0"
"209","TAJO-787","0.8.0"
"210","TAJO-787","0.9.0"
"211","TAJO-786","0.8.0"
"212","TAJO-786","0.9.0"
"213","TAJO-777","0.8.0"
"214","TAJO-777","0.9.0"
"215","TAJO-772","0.8.0"
"216","TAJO-772","0.9.0"
"217","TAJO-768","0.8.0"
"218","TAJO-768","0.9.0"
"219","TAJO-765","0.8.0"
"220","TAJO-765","0.9.0"
"221","TAJO-763","0.8.0"
"222","TAJO-763","0.9.0"
"223","TAJO-759","0.8.0"
"224","TAJO-759","0.9.0"
"225","TAJO-755","0.8.0"
"226","TAJO-755","0.9.0"
"227","TAJO-754","0.8.0"
"228","TAJO-754","0.9.0"
"229","TAJO-753","0.8.0"
"230","TAJO-753","0.9.0"
"231","TAJO-752","0.8.0"
"232","TAJO-752","0.9.0"
"233","TAJO-750","0.8.0"
"234","TAJO-750","0.9.0"
"235","TAJO-748","0.8.0"
"236","TAJO-748","0.9.0"
"237","TAJO-747","0.8.0"
"238","TAJO-747","0.9.0"
"239","TAJO-746","0.8.0"
"240","TAJO-745","0.8.0"
"241","TAJO-745","0.9.0"
"242","TAJO-743","0.8.0"
"243","TAJO-743","0.9.0"
"244","TAJO-741","0.8.0"
"245","TAJO-741","0.9.0"
"246","TAJO-739","0.8.0"
"247","TAJO-739","0.9.0"
"248","TAJO-738","0.8.0"
"249","TAJO-738","0.9.0"
"250","TAJO-737","0.8.0"
"251","TAJO-737","0.9.0"
"252","TAJO-736","0.8.0"
"253","TAJO-736","0.9.0"
"254","TAJO-735","0.8.0"
"255","TAJO-735","0.9.0"
"256","TAJO-732","0.8.0"
"257","TAJO-732","0.9.0"
"258","TAJO-729","0.8.0"
"259","TAJO-729","0.9.0"
"260","TAJO-728","0.8.0"
"261","TAJO-728","0.9.0"
"262","TAJO-725","0.8.0"
"263","TAJO-725","0.9.0"
"264","TAJO-719","0.8.0"
"265","TAJO-719","0.9.0"
"266","TAJO-718","0.8.0"
"267","TAJO-718","0.9.0"
"268","TAJO-717","0.8.0"
"269","TAJO-717","0.9.0"
"270","TAJO-716","0.8.0"
"271","TAJO-716","0.9.0"
"272","TAJO-714","0.8.0"
"273","TAJO-714","0.9.0"
"274","TAJO-713","0.8.0"
"275","TAJO-713","0.9.0"
"276","TAJO-712","0.8.0"
"277","TAJO-712","0.9.0"
"278","TAJO-711","0.8.0"
"279","TAJO-711","0.9.0"
"280","TAJO-707","0.8.0"
"281","TAJO-706","0.8.0"
"282","TAJO-706","0.9.0"
"283","TAJO-705","0.8.0"
"284","TAJO-705","0.9.0"
"285","TAJO-701","0.8.0"
"286","TAJO-701","0.9.0"
"287","TAJO-700","0.8.0"
"288","TAJO-700","0.9.0"
"289","TAJO-698","0.8.0"
"290","TAJO-698","0.9.0"
"291","TAJO-697","0.8.0"
"292","TAJO-697","0.9.0"
"293","TAJO-696","0.8.0"
"294","TAJO-696","0.9.0"
"295","TAJO-694","0.8.0"
"296","TAJO-694","0.9.0"
"297","TAJO-693","0.8.0"
"298","TAJO-693","0.9.0"
"299","TAJO-692","0.8.0"
"300","TAJO-691","0.8.0"
"301","TAJO-691","0.9.0"
"302","TAJO-690","0.8.0"
"303","TAJO-690","0.9.0"
"304","TAJO-689","0.8.0"
"305","TAJO-689","0.9.0"
"306","TAJO-687","0.8.0"
"307","TAJO-686","0.8.0"
"308","TAJO-686","0.9.0"
"309","TAJO-685","0.8.0"
"310","TAJO-682","0.8.0"
"311","TAJO-682","0.9.0"
"312","TAJO-681","0.8.0"
"313","TAJO-681","0.9.0"
"314","TAJO-679","0.8.0"
"315","TAJO-675","0.8.0"
"316","TAJO-675","0.9.0"
"317","TAJO-674","0.8.0"
"318","TAJO-674","0.9.0"
"319","TAJO-672","0.8.0"
"320","TAJO-672","0.9.0"
"321","TAJO-671","0.8.0"
"322","TAJO-670","0.8.0"
"323","TAJO-670","0.9.0"
"324","TAJO-669","0.8.0"
"325","TAJO-669","0.9.0"
"326","TAJO-665","0.8.0"
"327","TAJO-665","0.9.0"
"328","TAJO-663","0.8.0"
"329","TAJO-663","0.9.0"
"330","TAJO-659","0.8.0"
"331","TAJO-659","0.9.0"
"332","TAJO-657","0.8.0"
"333","TAJO-657","0.9.0"
"334","TAJO-655","0.8.0"
"335","TAJO-653","0.8.0"
"336","TAJO-653","0.9.0"
"337","TAJO-652","0.8.0"
"338","TAJO-652","0.9.0"
"339","TAJO-651","0.8.0"
"340","TAJO-651","0.9.0"
"341","TAJO-650","0.8.0"
"342","TAJO-650","0.9.0"
"343","TAJO-647","0.8.0"
"344","TAJO-647","0.9.0"
"345","TAJO-646","0.8.0"
"346","TAJO-645","0.8.0"
"347","TAJO-645","0.9.0"
"348","TAJO-644","0.8.0"
"349","TAJO-644","0.9.0"
"350","TAJO-642","0.8.0"
"351","TAJO-642","0.9.0"
"352","TAJO-641","0.8.0"
"353","TAJO-641","0.9.0"
"354","TAJO-640","0.8.0"
"355","TAJO-640","0.9.0"
"356","TAJO-638","0.8.0"
"357","TAJO-638","0.9.0"
"358","TAJO-635","0.8.0"
"359","TAJO-635","0.9.0"
"360","TAJO-634","0.8.0"
"361","TAJO-634","0.9.0"
"362","TAJO-632","0.8.0"
"363","TAJO-632","0.9.0"
"364","TAJO-630","0.8.0"
"365","TAJO-630","0.9.0"
"366","TAJO-628","0.8.0"
"367","TAJO-628","0.9.0"
"368","TAJO-622","0.8.0"
"369","TAJO-621","0.8.0"
"370","TAJO-621","0.9.0"
"371","TAJO-620","0.8.0"
"372","TAJO-620","0.9.0"
"373","TAJO-619","0.8.0"
"374","TAJO-619","0.9.0"
"375","TAJO-616","0.8.0"
"376","TAJO-616","0.9.0"
"377","TAJO-615","0.8.0"
"378","TAJO-615","0.9.0"
"379","TAJO-614","0.8.0"
"380","TAJO-614","0.9.0"
"381","TAJO-610","0.8.0"
"382","TAJO-609","0.8.0"
"383","TAJO-608","0.8.0"
"384","TAJO-607","0.8.0"
"385","TAJO-606","0.8.0"
"386","TAJO-601","0.8.0"
"387","TAJO-598","0.8.0"
"388","TAJO-595","0.8.0"
"389","TAJO-594","0.8.0"
"390","TAJO-593","0.8.0"
"391","TAJO-592","0.8.0"
"392","TAJO-590","0.8.0"
"393","TAJO-590","0.9.0"
"394","TAJO-589","0.8.0"
"395","TAJO-589","0.9.0"
"396","TAJO-588","0.8.0"
"397","TAJO-586","0.8.0"
"398","TAJO-584","0.8.0"
"399","TAJO-583","0.8.0"
"400","TAJO-582","0.8.0"
"401","TAJO-581","0.8.0"
"402","TAJO-580","0.8.0"
"403","TAJO-578","0.8.0"
"404","TAJO-577","0.8.0"
"405","TAJO-576","0.8.0"
"406","TAJO-575","0.8.0"
"407","TAJO-574","0.8.0"
"408","TAJO-573","0.8.0"
"409","TAJO-570","0.8.0"
"410","TAJO-569","0.8.0"
"411","TAJO-568","0.8.0"
"412","TAJO-567","0.8.0"
"413","TAJO-566","0.8.0"
"414","TAJO-565","0.8.0"
"415","TAJO-564","0.8.0"
"416","TAJO-563","0.8.0"
"417","TAJO-563","0.9.0"
"418","TAJO-562","0.8.0"
"419","TAJO-561","0.8.0"
"420","TAJO-560","0.8.0"
"421","TAJO-559","0.8.0"
"422","TAJO-558","0.8.0"
"423","TAJO-557","0.8.0"
"424","TAJO-556","0.8.0"
"425","TAJO-553","0.8.0"
"426","TAJO-549","0.8.0"
"427","TAJO-548","0.8.0"
"428","TAJO-545","0.8.0"
"429","TAJO-544","0.8.0"
"430","TAJO-543","0.8.0"
"431","TAJO-541","0.8.0"
"432","TAJO-539","0.8.0"
"433","TAJO-538","0.8.0"
"434","TAJO-537","0.8.0"
"435","TAJO-536","0.8.0"
"436","TAJO-535","0.8.0"
"437","TAJO-532","0.8.0"
"438","TAJO-531","0.8.0"
"439","TAJO-530","0.8.0"
"440","TAJO-529","0.8.0"
"441","TAJO-529","0.9.0"
"442","TAJO-526","0.8.0"
"443","TAJO-525","0.8.0"
"444","TAJO-522","0.8.0"
"445","TAJO-520","0.8.0"
"446","TAJO-519","0.8.0"
"447","TAJO-518","0.8.0"
"448","TAJO-517","0.8.0"
"449","TAJO-517","0.9.0"
"450","TAJO-516","0.8.0"
"451","TAJO-515","0.8.0"
"452","TAJO-513","0.8.0"
"453","TAJO-512","0.8.0"
"454","TAJO-511","0.8.0"
"455","TAJO-508","0.8.0"
"456","TAJO-507","0.8.0"
"457","TAJO-506","0.8.0"
"458","TAJO-504","0.8.0"
"459","TAJO-503","0.8.0"
"460","TAJO-502","0.8.0"
"461","TAJO-501","0.8.0"
"462","TAJO-500","0.8.0"
"463","TAJO-499","0.8.0"
"464","TAJO-498","0.8.0"
"465","TAJO-497","0.8.0"
"466","TAJO-496","0.8.0"
"467","TAJO-495","0.8.0"
"468","TAJO-493","0.8.0"
"469","TAJO-492","0.8.0"
"470","TAJO-490","0.8.0"
"471","TAJO-488","0.8.0"
"472","TAJO-485","0.8.0"
"473","TAJO-482","0.8.0"
"474","TAJO-480","0.8.0"
"475","TAJO-480","0.9.0"
"476","TAJO-479","0.8.0"
"477","TAJO-478","0.8.0"
"478","TAJO-477","0.8.0"
"479","TAJO-476","0.8.0"
"480","TAJO-475","0.8.0"
"481","TAJO-474","0.8.0"
"482","TAJO-471","0.8.0"
"483","TAJO-470","0.8.0"
"484","TAJO-469","0.8.0"
"485","TAJO-468","0.8.0"
"486","TAJO-467","0.8.0"
"487","TAJO-464","0.8.0"
"488","TAJO-460","0.8.0"
"489","TAJO-458","0.8.0"
"490","TAJO-457","0.8.0"
"491","TAJO-456","0.8.0"
"492","TAJO-455","0.8.0"
"493","TAJO-454","0.8.0"
"494","TAJO-453","0.8.0"
"495","TAJO-452","0.8.0"
"496","TAJO-451","0.8.0"
"497","TAJO-450","0.8.0"
"498","TAJO-449","0.8.0"
"499","TAJO-448","0.8.0"
"500","TAJO-445","0.8.0"
"501","TAJO-444","0.8.0"
"502","TAJO-443","0.8.0"
"503","TAJO-442","0.8.0"
"504","TAJO-439","0.8.0"
"505","TAJO-438","0.8.0"
"506","TAJO-437","0.8.0"
"507","TAJO-436","0.8.0"
"508","TAJO-435","0.8.0"
"509","TAJO-433","0.8.0"
"510","TAJO-432","0.8.0"
"511","TAJO-431","0.8.0"
"512","TAJO-428","0.8.0"
"513","TAJO-427","0.8.0"
"514","TAJO-427","0.9.0"
"515","TAJO-426","0.8.0"
"516","TAJO-424","0.8.0"
"517","TAJO-423","0.8.0"
"518","TAJO-422","0.8.0"
"519","TAJO-421","0.8.0"
"520","TAJO-419","0.8.0"
"521","TAJO-418","0.8.0"
"522","TAJO-417","0.8.0"
"523","TAJO-415","0.8.0"
"524","TAJO-410","0.8.0"
"525","TAJO-409","0.8.0"
"526","TAJO-407","0.8.0"
"527","TAJO-406","0.8.0"
"528","TAJO-405","0.8.0"
"529","TAJO-404","0.8.0"
"530","TAJO-403","0.8.0"
"531","TAJO-402","0.8.0"
"532","TAJO-400","0.8.0"
"533","TAJO-399","0.8.0"
"534","TAJO-397","0.8.0"
"535","TAJO-396","0.8.0"
"536","TAJO-395","0.8.0"
"537","TAJO-394","0.8.0"
"538","TAJO-393","0.8.0"
"539","TAJO-392","0.8.0"
"540","TAJO-391","0.8.0"
"541","TAJO-390","0.8.0"
"542","TAJO-389","0.8.0"
"543","TAJO-388","0.8.0"
"544","TAJO-387","0.8.0"
"545","TAJO-384","0.8.0"
"546","TAJO-381","0.8.0"
"547","TAJO-378","0.8.0"
"548","TAJO-378","0.9.0"
"549","TAJO-377","0.8.0"
"550","TAJO-377","0.9.0"
"551","TAJO-375","0.8.0"
"552","TAJO-372","0.8.0"
"553","TAJO-369","0.8.0"
"554","TAJO-368","0.8.0"
"555","TAJO-365","0.8.0"
"556","TAJO-364","0.8.0"
"557","TAJO-361","0.8.0"
"558","TAJO-360","0.8.0"
"559","TAJO-359","0.8.0"
"560","TAJO-358","0.8.0"
"561","TAJO-357","0.8.0"
"562","TAJO-356","0.8.0"
"563","TAJO-356","0.9.0"
"564","TAJO-355","0.8.0"
"565","TAJO-354","0.8.0"
"566","TAJO-353","0.8.0"
"567","TAJO-353","0.9.0"
"568","TAJO-352","0.8.0"
"569","TAJO-351","0.8.0"
"570","TAJO-350","0.8.0"
"571","TAJO-349","0.8.0"
"572","TAJO-348","0.8.0"
"573","TAJO-347","0.8.0"
"574","TAJO-346","0.8.0"
"575","TAJO-345","0.8.0"
"576","TAJO-344","0.8.0"
"577","TAJO-343","0.8.0"
"578","TAJO-342","0.8.0"
"579","TAJO-341","0.8.0"
"580","TAJO-340","0.8.0"
"581","TAJO-339","0.8.0"
"582","TAJO-338","0.8.0"
"583","TAJO-336","0.8.0"
"584","TAJO-335","0.8.0"
"585","TAJO-334","0.8.0"
"586","TAJO-333","0.8.0"
"587","TAJO-332","0.8.0"
"588","TAJO-329","0.8.0"
"589","TAJO-327","0.8.0"
"590","TAJO-325","0.8.0"
"591","TAJO-322","0.8.0"
"592","TAJO-321","0.8.0"
"593","TAJO-320","0.8.0"
"594","TAJO-319","0.8.0"
"595","TAJO-318","0.8.0"
"596","TAJO-317","0.8.0"
"597","TAJO-316","0.8.0"
"598","TAJO-315","0.8.0"
"599","TAJO-314","0.8.0"
"600","TAJO-313","0.8.0"
"601","TAJO-312","0.8.0"
"602","TAJO-311","0.8.0"
"603","TAJO-310","0.8.0"
"604","TAJO-308","0.8.0"
"605","TAJO-307","0.8.0"
"606","TAJO-306","0.8.0"
"607","TAJO-305","0.8.0"
"608","TAJO-304","0.8.0"
"609","TAJO-301","0.8.0"
"610","TAJO-300","0.8.0"
"611","TAJO-297","0.8.0"
"612","TAJO-296","0.8.0"
"613","TAJO-295","0.8.0"
"614","TAJO-294","0.8.0"
"615","TAJO-293","0.8.0"
"616","TAJO-292","0.8.0"
"617","TAJO-290","0.8.0"
"618","TAJO-289","0.8.0"
"619","TAJO-287","0.8.0"
"620","TAJO-286","0.8.0"
"621","TAJO-285","0.8.0"
"622","TAJO-284","0.8.0"
"623","TAJO-280","0.8.0"
"624","TAJO-279","0.8.0"
"625","TAJO-275","0.8.0"
"626","TAJO-274","0.8.0"
"627","TAJO-268","0.8.0"
"628","TAJO-267","0.8.0"
"629","TAJO-225","0.8.0"
"630","TAJO-218","0.8.0"
"631","TAJO-218","0.9.0"
"632","TAJO-217","0.8.0"
"633","TAJO-215","0.8.0"
"634","TAJO-215","0.9.0"
"635","TAJO-207","0.8.0"
"636","TAJO-206","0.8.0"
"637","TAJO-200","0.8.0"
"638","TAJO-192","0.8.0"
"639","TAJO-182","0.8.0"
"640","TAJO-176","0.8.0"
"641","TAJO-166","0.8.0"
"642","TAJO-146","0.8.0"
"643","TAJO-138","0.8.0"
"644","TAJO-135","0.8.0"
"645","TAJO-132","0.8.0"
"646","TAJO-122","0.8.0"
"647","TAJO-62","0.8.0"
"648","TAJO-61","0.8.0"
"649","TAJO-60","0.8.0"
"650","TAJO-36","0.8.0"
"651","TAJO-34","0.8.0"
"652","TAJO-30","0.8.0"
"653","TAJO-30","0.9.0"
"654","TAJO-23","0.8.0"
"655","TAJO-16","0.8.0"
"656","TAJO-9","0.8.0"
"657","TAJO-1116","0.9.0"
"658","TAJO-1113","0.9.0"
"659","TAJO-1111","0.9.0"
"660","TAJO-1110","0.9.0"
"661","TAJO-1107","0.9.0"
"662","TAJO-1106","0.9.0"
"663","TAJO-1105","0.9.0"
"664","TAJO-1104","0.9.0"
"665","TAJO-1103","0.9.0"
"666","TAJO-1102","0.9.0"
"667","TAJO-1101","0.9.0"
"668","TAJO-1099","0.9.0"
"669","TAJO-1098","0.9.0"
"670","TAJO-1097","0.9.0"
"671","TAJO-1096","0.9.0"
"672","TAJO-1093","0.9.0"
"673","TAJO-1081","0.9.0"
"674","TAJO-1078","0.9.0"
"675","TAJO-1077","0.9.0"
"676","TAJO-1075","0.9.0"
"677","TAJO-1074","0.9.0"
"678","TAJO-1072","0.9.0"
"679","TAJO-1071","0.9.0"
"680","TAJO-1070","0.9.0"
"681","TAJO-1069","0.9.0"
"682","TAJO-1068","0.9.0"
"683","TAJO-1067","0.9.0"
"684","TAJO-1065","0.9.0"
"685","TAJO-1062","0.9.0"
"686","TAJO-1061","0.9.0"
"687","TAJO-1060","0.9.0"
"688","TAJO-1056","0.9.0"
"689","TAJO-1054","0.9.0"
"690","TAJO-1052","0.9.0"
"691","TAJO-1050","0.9.0"
"692","TAJO-1049","0.9.0"
"693","TAJO-1048","0.9.0"
"694","TAJO-1047","0.9.0"
"695","TAJO-1046","0.9.0"
"696","TAJO-1040","0.9.0"
"697","TAJO-1038","0.9.0"
"698","TAJO-1037","0.9.0"
"699","TAJO-1034","0.9.0"
"700","TAJO-1030","0.9.0"
"701","TAJO-1029","0.9.0"
"702","TAJO-1028","0.9.0"
"703","TAJO-1027","0.9.0"
"704","TAJO-1025","0.9.0"
"705","TAJO-1024","0.9.0"
"706","TAJO-1022","0.9.0"
"707","TAJO-1021","0.9.0"
"708","TAJO-1020","0.9.0"
"709","TAJO-1017","0.9.0"
"710","TAJO-1016","0.9.0"
"711","TAJO-1015","0.9.0"
"712","TAJO-1013","0.9.0"
"713","TAJO-1010","0.9.0"
"714","TAJO-1009","0.9.0"
"715","TAJO-1008","0.9.0"
"716","TAJO-1007","0.9.0"
"717","TAJO-1006","0.9.0"
"718","TAJO-1004","0.9.0"
"719","TAJO-1001","0.9.0"
"720","TAJO-1000","0.9.0"
"721","TAJO-999","0.9.0"
"722","TAJO-996","0.9.0"
"723","TAJO-995","0.9.0"
"724","TAJO-994","0.9.0"
"725","TAJO-992","0.9.0"
"726","TAJO-991","0.9.0"
"727","TAJO-990","0.9.0"
"728","TAJO-989","0.9.0"
"729","TAJO-987","0.9.0"
"730","TAJO-985","0.9.0"
"731","TAJO-984","0.9.0"
"732","TAJO-983","0.9.0"
"733","TAJO-981","0.9.0"
"734","TAJO-980","0.9.0"
"735","TAJO-979","0.9.0"
"736","TAJO-978","0.9.0"
"737","TAJO-977","0.9.0"
"738","TAJO-975","0.9.0"
"739","TAJO-974","0.9.0"
"740","TAJO-972","0.9.0"
"741","TAJO-969","0.9.0"
"742","TAJO-968","0.9.0"
"743","TAJO-966","0.9.0"
"744","TAJO-965","0.9.0"
"745","TAJO-962","0.9.0"
"746","TAJO-961","0.9.0"
"747","TAJO-960","0.9.0"
"748","TAJO-957","0.9.0"
"749","TAJO-956","0.9.0"
"750","TAJO-953","0.9.0"
"751","TAJO-952","0.9.0"
"752","TAJO-949","0.9.0"
"753","TAJO-948","0.9.0"
"754","TAJO-947","0.9.0"
"755","TAJO-945","0.9.0"
"756","TAJO-939","0.9.0"
"757","TAJO-937","0.9.0"
"758","TAJO-936","0.9.0"
"759","TAJO-934","0.9.0"
"760","TAJO-933","0.9.0"
"761","TAJO-932","0.9.0"
"762","TAJO-931","0.9.0"
"763","TAJO-929","0.9.0"
"764","TAJO-928","0.9.0"
"765","TAJO-927","0.9.0"
"766","TAJO-926","0.9.0"
"767","TAJO-925","0.9.0"
"768","TAJO-924","0.9.0"
"769","TAJO-917","0.9.0"
"770","TAJO-916","0.9.0"
"771","TAJO-914","0.9.0"
"772","TAJO-913","0.9.0"
"773","TAJO-912","0.9.0"
"774","TAJO-911","0.9.0"
"775","TAJO-910","0.9.0"
"776","TAJO-909","0.9.0"
"777","TAJO-908","0.9.0"
"778","TAJO-907","0.9.0"
"779","TAJO-906","0.9.0"
"780","TAJO-905","0.9.0"
"781","TAJO-904","0.9.0"
"782","TAJO-903","0.9.0"
"783","TAJO-902","0.9.0"
"784","TAJO-900","0.9.0"
"785","TAJO-899","0.9.0"
"786","TAJO-898","0.9.0"
"787","TAJO-897","0.9.0"
"788","TAJO-896","0.9.0"
"789","TAJO-895","0.9.0"
"790","TAJO-894","0.9.0"
"791","TAJO-891","0.9.0"
"792","TAJO-890","0.9.0"
"793","TAJO-887","0.9.0"
"794","TAJO-886","0.9.0"
"795","TAJO-884","0.9.0"
"796","TAJO-882","0.9.0"
"797","TAJO-881","0.9.0"
"798","TAJO-880","0.9.0"
"799","TAJO-879","0.9.0"
"800","TAJO-874","0.9.0"
"801","TAJO-873","0.9.0"
"802","TAJO-872","0.9.0"
"803","TAJO-872","0.8.1"
"804","TAJO-870","0.9.0"
"805","TAJO-869","0.9.0"
"806","TAJO-868","0.9.0"
"807","TAJO-867","0.9.0"
"808","TAJO-866","0.9.0"
"809","TAJO-864","0.9.0"
"810","TAJO-863","0.9.0"
"811","TAJO-862","0.9.0"
"812","TAJO-862","0.8.1"
"813","TAJO-861","0.9.0"
"814","TAJO-860","0.9.0"
"815","TAJO-859","0.9.0"
"816","TAJO-853","0.9.0"
"817","TAJO-852","0.9.0"
"818","TAJO-851","0.9.0"
"819","TAJO-850","0.9.0"
"820","TAJO-849","0.9.0"
"821","TAJO-848","0.9.0"
"822","TAJO-847","0.9.0"
"823","TAJO-846","0.9.0"
"824","TAJO-844","0.9.0"
"825","TAJO-843","0.9.0"
"826","TAJO-842","0.9.0"
"827","TAJO-840","0.9.0"
"828","TAJO-837","0.9.0"
"829","TAJO-836","0.9.0"
"830","TAJO-834","0.9.0"
"831","TAJO-833","0.9.0"
"832","TAJO-833","0.8.1"
"833","TAJO-832","0.9.0"
"834","TAJO-830","0.9.0"
"835","TAJO-829","0.9.0"
"836","TAJO-829","0.8.1"
"837","TAJO-827","0.9.0"
"838","TAJO-827","0.8.1"
"839","TAJO-824","0.9.0"
"840","TAJO-823","0.9.0"
"841","TAJO-821","0.9.0"
"842","TAJO-821","0.8.1"
"843","TAJO-820","0.9.0"
"844","TAJO-819","0.9.0"
"845","TAJO-819","0.8.1"
"846","TAJO-817","0.9.0"
"847","TAJO-816","0.9.0"
"848","TAJO-816","0.8.1"
"849","TAJO-814","0.9.0"
"850","TAJO-813","0.9.0"
"851","TAJO-812","0.9.0"
"852","TAJO-812","0.8.1"
"853","TAJO-811","0.9.0"
"854","TAJO-810","0.9.0"
"855","TAJO-808","0.9.0"
"856","TAJO-807","0.9.0"
"857","TAJO-806","0.9.0"
"858","TAJO-806","0.8.1"
"859","TAJO-805","0.9.0"
"860","TAJO-805","0.8.1"
"861","TAJO-804","0.9.0"
"862","TAJO-804","0.8.1"
"863","TAJO-803","0.9.0"
"864","TAJO-802","0.9.0"
"865","TAJO-802","0.8.1"
"866","TAJO-801","0.9.0"
"867","TAJO-801","0.8.1"
"868","TAJO-800","0.9.0"
"869","TAJO-799","0.9.0"
"870","TAJO-797","0.9.0"
"871","TAJO-795","0.9.0"
"872","TAJO-795","0.8.1"
"873","TAJO-793","0.9.0"
"874","TAJO-792","0.9.0"
"875","TAJO-792","0.8.1"
"876","TAJO-791","0.9.0"
"877","TAJO-790","0.9.0"
"878","TAJO-789","0.9.0"
"879","TAJO-783","0.9.0"
"880","TAJO-779","0.9.0"
"881","TAJO-778","0.9.0"
"882","TAJO-769","0.9.0"
"883","TAJO-766","0.9.0"
"884","TAJO-762","0.9.0"
"885","TAJO-761","0.9.0"
"886","TAJO-761","0.8.1"
"887","TAJO-758","0.9.0"
"888","TAJO-734","0.9.0"
"889","TAJO-730","0.9.0"
"890","TAJO-715","0.9.0"
"891","TAJO-709","0.9.0"
"892","TAJO-704","0.9.0"
"893","TAJO-699","0.9.0"
"894","TAJO-673","0.9.0"
"895","TAJO-668","0.9.0"
"896","TAJO-667","0.9.0"
"897","TAJO-662","0.9.0"
"898","TAJO-654","0.9.0"
"899","TAJO-648","0.9.0"
"900","TAJO-624","0.9.0"
"901","TAJO-617","0.9.0"
"902","TAJO-605","0.9.0"
"903","TAJO-602","0.9.0"
"904","TAJO-587","0.9.0"
"905","TAJO-425","0.9.0"
"906","TAJO-196","0.9.0"
"907","TAJO-153","0.9.0"
"908","TAJO-20","0.9.0"
"909","TAJO-465","DAG-execplan-branch"
"910","TAJO-266","DAG-execplan-branch"
"911","TAJO-1415","window function"
"912","TAJO-1287","window function"
"913","TAJO-1287","0.10.0"
"914","TAJO-922","window function"
"915","TAJO-920","window function"
"916","TAJO-920","0.10.0"
"917","TAJO-919","window function"
"918","TAJO-774","window function"
"919","TAJO-757","window function"
"920","TAJO-756","window function"
"921","TAJO-875","0.8.1"
"922","TAJO-1608","index support"
"923","TAJO-1594","index support"
"924","TAJO-1302","index support"
"925","TAJO-1301","index support"
"926","TAJO-1298","index support"
"927","TAJO-1356","0.10.0"
"928","TAJO-1356","0.11.0"
"929","TAJO-1336","0.10.0"
"930","TAJO-1328","0.10.0"
"931","TAJO-1328","0.11.0"
"932","TAJO-1325","0.10.0"
"933","TAJO-1325","0.11.0"
"934","TAJO-1324","0.10.0"
"935","TAJO-1324","0.11.0"
"936","TAJO-1323","0.10.0"
"937","TAJO-1322","0.10.0"
"938","TAJO-1321","0.10.0"
"939","TAJO-1320","0.10.0"
"940","TAJO-1319","0.10.0"
"941","TAJO-1318","0.10.0"
"942","TAJO-1317","0.10.0"
"943","TAJO-1316","0.10.0"
"944","TAJO-1316","0.11.0"
"945","TAJO-1315","0.10.0"
"946","TAJO-1313","0.10.0"
"947","TAJO-1312","0.10.0"
"948","TAJO-1309","0.10.0"
"949","TAJO-1308","0.10.0"
"950","TAJO-1307","0.10.0"
"951","TAJO-1306","0.10.0"
"952","TAJO-1305","0.10.0"
"953","TAJO-1304","0.10.0"
"954","TAJO-1303","0.10.0"
"955","TAJO-1299","0.10.0"
"956","TAJO-1297","0.10.0"
"957","TAJO-1296","0.10.0"
"958","TAJO-1295","0.10.0"
"959","TAJO-1294","0.10.0"
"960","TAJO-1293","0.10.0"
"961","TAJO-1291","0.10.0"
"962","TAJO-1290","0.10.0"
"963","TAJO-1289","0.10.0"
"964","TAJO-1288","0.10.0"
"965","TAJO-1286","0.10.0"
"966","TAJO-1285","0.10.0"
"967","TAJO-1283","0.10.0"
"968","TAJO-1283","0.11.0"
"969","TAJO-1282","0.10.0"
"970","TAJO-1281","0.10.0"
"971","TAJO-1280","0.10.0"
"972","TAJO-1279","0.10.0"
"973","TAJO-1278","0.10.0"
"974","TAJO-1277","0.10.0"
"975","TAJO-1277","0.11.0"
"976","TAJO-1275","0.10.0"
"977","TAJO-1274","0.10.0"
"978","TAJO-1270","0.10.0"
"979","TAJO-1269","0.10.0"
"980","TAJO-1269","0.11.0"
"981","TAJO-1268","0.10.0"
"982","TAJO-1267","0.10.0"
"983","TAJO-1265","0.10.0"
"984","TAJO-1262","0.10.0"
"985","TAJO-1261","0.10.0"
"986","TAJO-1260","0.10.0"
"987","TAJO-1260","0.11.0"
"988","TAJO-1259","0.10.0"
"989","TAJO-1258","0.10.0"
"990","TAJO-1257","0.10.0"
"991","TAJO-1254","0.10.0"
"992","TAJO-1252","0.10.0"
"993","TAJO-1251","0.10.0"
"994","TAJO-1250","0.10.0"
"995","TAJO-1249","0.10.0"
"996","TAJO-1247","0.10.0"
"997","TAJO-1246","0.10.0"
"998","TAJO-1245","0.10.0"
"999","TAJO-1244","0.10.0"
"1000","TAJO-1243","0.10.0"
"1001","TAJO-1242","0.10.0"
"1002","TAJO-1241","0.10.0"
"1003","TAJO-1239","0.10.0"
"1004","TAJO-1238","0.10.0"
"1005","TAJO-1237","0.10.0"
"1006","TAJO-1236","0.10.0"
"1007","TAJO-1235","0.10.0"
"1008","TAJO-1234","0.10.0"
"1009","TAJO-1233","0.10.0"
"1010","TAJO-1232","0.10.0"
"1011","TAJO-1231","0.10.0"
"1012","TAJO-1230","0.10.0"
"1013","TAJO-1229","0.10.0"
"1014","TAJO-1228","0.10.0"
"1015","TAJO-1227","0.10.0"
"1016","TAJO-1225","0.10.0"
"1017","TAJO-1224","0.10.0"
"1018","TAJO-1223","0.10.0"
"1019","TAJO-1222","0.10.0"
"1020","TAJO-1221","0.10.0"
"1021","TAJO-1220","0.10.0"
"1022","TAJO-1219","0.10.0"
"1023","TAJO-1213","0.10.0"
"1024","TAJO-1211","0.10.0"
"1025","TAJO-1210","0.10.0"
"1026","TAJO-1209","0.10.0"
"1027","TAJO-1208","0.10.0"
"1028","TAJO-1205","0.10.0"
"1029","TAJO-1204","0.10.0"
"1030","TAJO-1200","0.10.0"
"1031","TAJO-1199","0.10.0"
"1032","TAJO-1197","0.10.0"
"1033","TAJO-1195","0.10.0"
"1034","TAJO-1194","0.10.0"
"1035","TAJO-1192","0.10.0"
"1036","TAJO-1191","0.10.0"
"1037","TAJO-1190","0.10.0"
"1038","TAJO-1189","0.10.0"
"1039","TAJO-1188","0.10.0"
"1040","TAJO-1187","0.10.0"
"1041","TAJO-1186","0.10.0"
"1042","TAJO-1185","0.10.0"
"1043","TAJO-1184","0.10.0"
"1044","TAJO-1183","0.10.0"
"1045","TAJO-1181","0.10.0"
"1046","TAJO-1180","0.10.0"
"1047","TAJO-1179","0.10.0"
"1048","TAJO-1177","0.10.0"
"1049","TAJO-1176","0.10.0"
"1050","TAJO-1174","0.10.0"
"1051","TAJO-1172","0.10.0"
"1052","TAJO-1169","0.10.0"
"1053","TAJO-1166","0.10.0"
"1054","TAJO-1165","0.10.0"
"1055","TAJO-1163","0.10.0"
"1056","TAJO-1162","0.10.0"
"1057","TAJO-1161","0.10.0"
"1058","TAJO-1160","0.10.0"
"1059","TAJO-1160","0.11.0"
"1060","TAJO-1159","0.10.0"
"1061","TAJO-1158","0.10.0"
"1062","TAJO-1157","0.10.0"
"1063","TAJO-1154","0.10.0"
"1064","TAJO-1153","0.10.0"
"1065","TAJO-1152","0.10.0"
"1066","TAJO-1151","0.10.0"
"1067","TAJO-1150","0.10.0"
"1068","TAJO-1149","0.10.0"
"1069","TAJO-1145","0.10.0"
"1070","TAJO-1143","0.10.0"
"1071","TAJO-1141","0.10.0"
"1072","TAJO-1140","0.10.0"
"1073","TAJO-1139","0.10.0"
"1074","TAJO-1138","0.10.0"
"1075","TAJO-1133","0.10.0"
"1076","TAJO-1132","0.10.0"
"1077","TAJO-1129","0.10.0"
"1078","TAJO-1128","0.10.0"
"1079","TAJO-1126","0.10.0"
"1080","TAJO-1125","0.10.0"
"1081","TAJO-1119","0.10.0"
"1082","TAJO-1118","0.10.0"
"1083","TAJO-1114","0.10.0"
"1084","TAJO-1109","0.10.0"
"1085","TAJO-1108","0.10.0"
"1086","TAJO-1100","0.10.0"
"1087","TAJO-1095","0.10.0"
"1088","TAJO-1092","0.10.0"
"1089","TAJO-1092","block_iteration"
"1090","TAJO-1064","0.10.0"
"1091","TAJO-1063","0.10.0"
"1092","TAJO-1053","0.10.0"
"1093","TAJO-1035","0.10.0"
"1094","TAJO-1032","0.10.0"
"1095","TAJO-1026","0.10.0"
"1096","TAJO-1003","0.10.0"
"1097","TAJO-930","0.10.0"
"1098","TAJO-831","0.10.0"
"1099","TAJO-784","0.10.0"
"1100","TAJO-324","0.10.0"
"1101","TAJO-269","0.10.0"
"1102","TAJO-235","0.10.0"
"1103","TAJO-233","0.10.0"
"1104","TAJO-1124","block_iteration"
"1105","TAJO-1090","block_iteration"
"1106","TAJO-1089","block_iteration"
"1107","TAJO-1088","block_iteration"
"1108","TAJO-1087","block_iteration"
"1109","TAJO-1086","block_iteration"
"1110","TAJO-1085","block_iteration"
"1111","TAJO-1084","block_iteration"
"1112","TAJO-1083","block_iteration"
"1113","TAJO-1082","block_iteration"
"1114","TAJO-1080","block_iteration"
"1115","TAJO-1059","block_iteration"
"1116","TAJO-1058","block_iteration"
"1117","TAJO-1057","block_iteration"
"1118","TAJO-1055","block_iteration"
"1119","TAJO-1045","block_iteration"
"1120","TAJO-1044","block_iteration"
"1121","TAJO-1043","block_iteration"
"1122","TAJO-1042","block_iteration"
"1123","TAJO-1041","block_iteration"
"1124","TAJO-1131","hbase_storage"
"1125","TAJO-1127","hbase_storage"
"1126","TAJO-1123","hbase_storage"
"1127","TAJO-1122","hbase_storage"
"1128","TAJO-1121","hbase_storage"
"1129","TAJO-1933","0.11.0"
"1130","TAJO-1928","0.11.0"
"1131","TAJO-1928","0.12.0"
"1132","TAJO-1926","0.11.0"
"1133","TAJO-1924","0.11.0"
"1134","TAJO-1924","0.12.0"
"1135","TAJO-1923","0.11.0"
"1136","TAJO-1918","0.11.0"
"1137","TAJO-1917","0.11.0"
"1138","TAJO-1914","0.11.0"
"1139","TAJO-1913","0.11.0"
"1140","TAJO-1913","0.12.0"
"1141","TAJO-1912","0.11.0"
